movie_id,tags
60756,funny highlyquotable willferrell comedy funny willferrell funny willferrell
89774,boxingstory mma tomhardy
106782,drugs leonardodicaprio martinscorsese stockmarket wallstreet
48516,waytoolong leonardodicaprio suspense twistending undercovercop atmospheric jacknicholson leonardodicaprio martinscorsese suspense
431,alpacino gangster mafia
1221,alpacino mafia mafia
5995,holocaust truestory holocaust
44665,twistending
52604,anthonyhopkins courtroomdrama twistending
88094,britpop indierecordlabel music
144210,dumpsterdiving sustainability
1569,romanticcomedy wedding weddings
118985,painter
119141,bloody bromance comedy funny jamesfranco sethrogen
109487,blackhole sci-fi time-travel christophernolan sci-fi time-travel baddialogue philosophicalissues thought-provoking visuallyappealing
2,fantasy magicboardgame robinwilliams game
110,beautifulscenery epic historical inspirational medieval melgibson oscar(bestcinematography) revenge swordfight scotland
410,blackcomedy christinaricci christopherlloyd darkcomedy family gothic
2023,alpacino andygarcia classic francisfordcoppola mafia
2124,blackcomedy christinaricci christopherlloyd family gothic quirky
2953,family funny macaulayculkin sequel
3114,animation disney funny original pixar sequel tomhanks pixar
3578,ancientrome epic history imdbtop250 revenge rome russellcrowe romans
4223,edharris judelaw rachelweisz sniper worldwarii
5388,alpacino atmospheric hilaryswank robinwilliams atmospheric insomnia thought-provoking
6058,sequel violent
6534,dogs ericbana madscientist marvel
6541,captainnemo comicbook gothic petawilson seanconnery superhero
6564,adventure angelinajolie heroineintightsuit
7153,adventure ensemblecast fantasy fantasyworld greatsoundtrack lordoftherings scenic stylized tolkien tolkein
8641,hilarious stevecarell willferrell stupid awesome comedy willferrell
27660,animation anime cyberpunk dark matrix sci-fi
27706,darkcomedy jimcarrey merylstreep quirky stylized
27808,adamsandler family sweet
27831,britishgangster confusing danielcraig exquisiteplotting. organizedcrime stylish tomhardy
31658,anime fantasyworld hayaomiyazaki studioghibli 06oscarnominatedbestmovie-animation innetflixqueue
33162,davidthewlis evagreen liamneeson orlandobloom
34150,chrisevans comicbook heroineintightsuit jessicaalba sexyfemalescientist superhero
37729,gothic helenabonhamcarter johnnydepp timburton visuallyappealing animation 06oscarnominatedbestmovie-animation
38061,blackcomedy clever fast-paceddialogue gooddialogue robertdowneyjr. witty innetflixqueue
45447,adventure audreytautou conspiracytheory mystery paris tomhanks treasurehunt
46723,bradpitt cateblanchett multiplestorylines socialcommentary
46972,benstiller robinwilliams
46976,emmathompson maggiegyllenhaal modernfantasy romance surreal willferrell
49130,marioncotillard
49530,africa corruption jenniferconnelly justice leonardodicaprio
53464,badacting badjokes badplot chrisevans jessicaalba marvel sexyfemalescientist
58047,rachelweisz ryanreynolds
59501,fantasy lion narnia tildaswinton
60074,badscript charlizetheron willsmith
60126,annehathaway stevecarell
61024,comedy jamesfranco sethrogen stonermovie
63992,audienceintelligenceunderestimated boring chickflick overrated teenmovie
68848,adrienbrody conartists funny interestingcharacters markruffalo rachelweisz
71535,billmurray darkcomedy emmastone funny jesseeisenberg woodyharrelson
87430,audienceintelligenceunderestimated cgi cheesy comicbook dc dccomics ryanreynolds space superhero
88405,comedy funny happyending hotactress justintimberlake milakunis newyorkcity romance sex
96861,istanbul liamneeson predictable turkey unnecessarysequel
99114,action christophwaltz funny goodsoundtrack greatperformances humour leonardodicaprio quentintarantino samuell.jackson soundtrack western soundtrack
103042,amyadams superhero
104863,danielradcliffe zoekazan
107348,comedy stevecarell stupidbutfunny willferrell
108190,anti-intellectual badwriting dystopia newsociety plotholes predictable scifi unintelligent
111743,charlizetheron liamneeson sethmacfarlane witty
114180,action dystopia plotholes post-apocalyptic survival thriller unexplained weakplot
115149,darkhero gun-fu keanureeves revenge secretsociety stylish action killer widows/widowers
116897,blackcomedy darkcomedy darkhumor ironic multipleshortstories shortstories
122912,comicbook dr.strange greatvillain guardiansofthegalaxy marvel mcu robertdowneyjr. thanos thor visuallystunning dark emotional sad visuallyappealing visuallystunning
128360,characters dialogue humor kurtrussell quentintarantino samuell.jackson tensionbuilding violent western
135133,dystopia jenniferlawrence lovestory nonsense politics rebellion revolution
135518,benkingsley ethics immortality ryanreynolds
135536,badstory badwriting batman benaffleck comicbook dccomics goodsoundtrack harleyquinn harleyquinn'sass horribledirecting jaredleto joker lackofplot margotrobbie poorstory poorlypaced superhero visuallyappealing willsmith
136864,action batman benaffleck dark dccomics galgadot superhero superman wonderwoman
139385,leonardodicarpio survival tomhardy visuallyappealing cinematography visuallyappealing visuallystriking
158966,buildingafamily creative freedom goodwriting individualism viggomortensen
168248,action darkhero guntactics hitman keanureeves organizedcrime secretsociety heroicbloodshed
174053,dystopia future interesting jonhamm thoughtprovoking
179401,action comedy dwaynejohnson funny
183611,comedy funny rachelmcadams
184471,adventure aliciavikander videogameadaptation
187593,joshbrolin ryanreynolds sarcasm
187595,emiliaclarke starwars
260,classic spaceaction action sci-fi epic greatsoundtrack classicsci-fi engrossingadventure epic classic nerd classicsci-fi spaceaction spaceepic oldiebutgoodie sci-fi starwars robotsandandroids space classicsci-fi sci-fi spaceadventure starwars darthvader lukeskywalker spaceopera
296,gooddialogue greatsoundtrack non-linear cultfilm drugs quentintarantino tarantino hitmen 1990s achronological action actionpacked aggressive amazing amazingdialogues anthology assassin atmospheric awesome badass badlanguage bad-ass bible biblicalreferences bigboyswithguns bignameactors blackcomedy blackhumor blackhumour blood bloodsplatters bloody brucewillis brutality casualviolence characterdevelopment characters classic classicmovie coke comedy conversation cool coolstyle crime crimescenescrubbing cult cultclassic cultfilm dance dancing dark darkcomedy darkhumor dialogue different diner disjointedtimeline disturbing drama drugoverdose drugs drugs&music ensemblecast entertaining entirelydialogue episodic exciting fastpaced fast-paced filmnoir film-noir foullanguage fun funny gangster gangsters genius goldenwatch gooddialogue goodmusic gore greatacting greatdialogue greatsoundtrack gritty guns harveykeitel heroin highlyquotable hitmen hitman homosexuality humour iconic imdbtop250 innovative intellectual intelligent intense interesting intertwiningstorylines interwovenstorylines ironic irony johntravolta killer-as-protagonist losangeles mafia masterpiece meaninglessviolence milkshake mobster mobsters monologue motherfucker multiplestories multiplestorylines neo-noir noir non-linear non-lineartimeline nonlinear nonlinearnarrative nonlinearstoryline nonlineartimeline notablesoundtrack offensive organisedcrime organizedcrime original originalplot outoforder palmed'or parody philosophical popculturereferences psychological pulp quentintarantino quirky quotable r:disturbingviolentcontentincludingrape r:disturbingviolentimages r:graphicsexuality r:someviolence r:strongbloodyviolence r:stronglanguage r:sustainedstrongstylizedviolence r:violence random rape retro rogeravary royalwithcheese samuell.jackson sarcasm satire sexy smartwriting sophisticated soundtrack splatter stevebuscemi storytelling stylish stylized suspense tarantino thought-provoking thriller travolta twistending umathurman unique unpredictable unusual veryfunny violence violent witty
4896,everythingyouwantishere alanrickman harrypotter humorous magic magic wizards
106489,adventure fantasy tolkien toolong
101142,animation funny stoneage
115617,animation kids robots feel-good funfamilymovie veryfunny
120635,action murder police
1726,kevincostner postapocalyptic
2387,darkcomedy darkhumor
3052,irreverent jayandsilentbob kevinsmith satire religion
5088,irreverent
7022,basedonabook bloody brutal controversial dystopia goretastic satire socialcommentary survival violence
7254,alternatereality sci-fi sciencefiction timetravel
8957,brutal clever disturbing greatending mindfuck surpriseending suspense
9010,cruelcharacters
42632,brutality
58301,darkhumor dark darkhumor intelligent thought-provoking
60950,threesome
62434,sethrogen sexualhumor
67695,sethrogen
100083,embarassingscenes offensive rlanguage sarcasm satire
156371,80's
158872,crudehumor mindfuck sarcasm satire vulgar
3556,sofiacoppola 1970s suicide
6323,johncusack
6367,ewanmcgregor reneezellweger retro
59103,jackiechan kungfu
52287,somethingforeveryoneinthisone...sawitwithoutandplanonseeingitwithkids!
293,assassin jeanreno hitmen action assassin assassination assassins awkwardromance corruption crime disturbing drama french friendship garyoldman greatacting guns hitmen hitman humorous imdbtop250 jeanreno lolitatheme loneliness lovestory lucbesson natalieportman organizedcrime police policecorruption quirky sniper tense touching unique
54286,assassin assassin-in-training(scene) espionage robertludlum
104,testtag golf adamsandler
2579,blackandwhite christophernolan directorialdebut mindfuck notlinear twistending blackandwhite
3793,action comicbook hughjackman marvel superhero superhero
4226,dark mindfuck nonlinear psychology twistending mystery psychological twistending backwards.memory mystery twistending cerebral dreamlike
6283,amazingartwork anime sci-fi
27156,anime endoftheworld epic mecha psychology
193565,anime comedy gintama remaster
4878,atmospheric cultfilm dreamlike hallucinatory psychological surreal timetravel jakegyllenhaal timetravel dreamlike hallucinatory mentalillness psychology socialcommentary teen thought-provoking atmospheric cerebral dreamlike enigmatic hallucinatory mentalillness mindfuck philosophy psychological quirky surreal thought-provoking weird
7147,dreamlike sentimental surreal timburton
7361,alternatereality memory thought-provoking jimcarrey memory cultfilm imagination jimcarrey love surreal arthouse artistic atmospheric beautiful bittersweet colourful comedy dreamlike emotional feel-good happpiness humane insightful intelligent lovely melancholy mind-bending philosophy quirky quirkyromantic romantic surreal surrealism thought-provoking
97938,cinematography india surreal
6938,bigwave surfing
48780,ummarti2006 atmospheric enigmatic
126548,funny highschool
68319,comicbook badplot comicbook hughjackman ryanreynolds toomanycharacters
7020,notablenudity
3,moldy old
527,moving thought-provoking holocaust basedonatruestory biography disturbing holocaust
1101,predictable navy
50872,acleverchefrat inspirational clever inspirational
102007,animation
118696,hope
6711,atmospheric japan
4034,drugs basedonatvshow
4995,mathematics
6502,zombies zombies
6953,depressing
34405,predictable firefly
55721,favelas
83134,blackcomedy
778,basedonabook darkcomedy narrated drugabuse
4612,reciprocalspectator
4708,reciprocalspectator
6400,documentary crime
30892,animation documentary henrydarger
48698,thecatholicchurchisthemostcorruptorganizationinhistory
64034,childishnaivity friendship
68954,adventure bechdeltest:fail cartoon children computeranimation divorce dogs dreams pixar bittersweet emotional heartbreaking touching
71494,narrativepisstake
81158,americanidolatry
82459,atmospheric coenbrothers jeffbridges mattdamon predictable
90769,celebrityfetishism mediacentralism systemholism
96084,citypolitics italy politicalrightversusleft
111364,creaturefeature
118784,documentary musicindustry remixculture
127172,filmhistory poetic representationofchildren
364,disney disneyanimatedfeature oscar(bestmusic-originalscore) soundtrack disney
1288,music heavymetal mockumentary music
1923,benstiller benstiller crudehumor goofy
2616,comicbook
3481,music nickhornby
3897,music journalism music rollingstone
51255,britishcomedy
1,pixar pixar fun
153,superhero superhero
552,knights
1246,highschool highschool
32587,cult
33660,boksdrama boxing
34162,stiller
36529,wapendrama
38798,sisters
2146,post-college
37384,restaurant
40955,transvestite
44889,satire
61323,darkcomedy bradpitt coenbros coenbrothers darkcomedy espionage georgeclooney johnmalkovich satire twists&turns weird
39,chickflick funny paulrudd quotable seenmorethanonce emma janeausten
1059,amazingcinematography leonardodicaprio shakespeare updatedclassics shakespeare
2762,atmospheric brucewillis ghosts imdbtop250 mindfuck stylized twistending ghosts iseedeadpeople
4370,android(s)/cyborg(s) artificialintelligence bittersweet stevenspielberg robots
5464,cinematography tomhanks
7078,bettedavis oscar(bestactress)
7444,markruffalo
7451,clever highschool lesbiansubtext highschool
54997,christianbale
55290,caseyaffleck greatperformances twist
91500,ending
91529,annehathaway christianbale christophernolan comicbook greatending morganfreeman politicalcommentary superhero
98961,afghanistan americanpropaganda assassination military terrorism
32,timetravel timetravel bradpitt brucewillis mindfuck postapocalyptic post-apocalyptic remake timetravel twistending
47,mystery twistending serialkiller
50,mindfuck suspense thriller tricky twistending heist
147,addiction heroin leonardodicaprio markwahlberg
175,controversial newyorkcity nudity(fullfrontal)
223,cynical hilarious independentfilm quirky witty generationx
288,brutality controversial darkcomedy psychedelic satire stylized
541,sci-fi robots androids artificialintelligence atmospheric cyberpunk future mindfuck philipk.dick atmospheric dreamlike existentialism philosophical
589,apocalypse arnoldschwarzenegger nuclearwar sci-fi suspense timetravel robots scifimasterpiece
608,basedonatruestory darkcomedy kidnapping stevebuscemi coenbrothers
628,edwardnorton psychology suspense thought-provoking twistending priest
1089,ensemblecast nonlinear quentintarantino stylized heist violence humorous neo-noir quentintarantino religion tarantino
1120,freedomofexpression
1136,britishcomedy montypython england kingarthur
1193,emotional jacknicholson mentalillness
1198,adventure archaeology indianajones stevenspielberg treasurehunt archaeology arkofthecovenant indianajones
1200,action aliens horror sci-fi space spacecraft spacetravel suspense space
1219,alfredhitchcock psychology suspenseful tense normanbates alfredhitchcock blackandwhite imdbtop250 remade
1240,action artificialintelligence robots sci-fi specialeffects tense timetravel robots
1258,atmospheric disturbing horror jacknicholson masterpiece psychological stanleykubrick suspense stephenking
1343,horror juliettelewis martinscorsese robertdeniro remake
1625,mindfuck mystery plottwist psychological suspense twistending twistending mystery
1704,inspirational heartwarming inspirational
1921,hallucinatory mentalillness mindfuck paranoid mathematics artsy atmospheric cerebral enigmatic existentialism hallucinatory insanity paranoia paranoid surreal tense visuallyappealing
2160,atmospheric creepy paranoia scary suspense demons
2296,snl
2329,thought-provoking racism edwardnorton emotional politics
2505,nicolascage
2571,martialarts sci-fi alternateuniverse philosophy postapocalyptic
2700,adulthumor controversial crudehumor freespeech parody satire southpark treyparker
2959,darkcomedy psychology thought-provoking twistending darkcomedy violence action atmospheric basedonabook bradpitt challenging chuckpalahniuk classic clever complicated consumerism crime dark darkcomedy davidfincher disturbing doublelife edwardnorton fighting greatacting helenabonhamcarter imaginaryfriend imdbtop250 mentalillness mind-blowing mindfuck narrated nudity(topless) palahnuik philosophical philosophy postmodern powerfulending psychological psychologicalthriller psychology quirky satirical schizophrenia socialcommentary societalcriticism stylized surreal terrorism thought-provoking twist twistending violence violent
3176,basedonabook creepy disturbing judelaw murder obsession psychology secrets serialkiller suspense europe murder
3186,asylum basedonatruestory brittanymurphy mentalhospital psychology winonaryder
3499,claustrophobic horror scary stephenking suspenseful tense thriller
3527,aliens sci-fi scificult aliens arnoldschwarzenegger dialogue guns jesseventura macho sci-fi scificult
3911,satire dogs
3948,comedy robertdeniro
4262,alpacino
4816,benstiller comedy davidbowie goofy mindlessoneliners willferrell
4993,fantasy highfantasy magic mythology tolkien wizards tolkein
5291,blackandwhite samurai innetflixqueue samurai
6016,multiplestorylines truestory crime photography violence notseen
6188,comedy willferrell
6290,robzombie
8950,christianbale creepy powerfulending psychology schizophrenia twistending psychology
27020,drugs lesbian
30825,benstiller robertdeniro
34323,robzombie
40278,jakegyllenhaal modernwar
53127,basedonaplay conspiracytheory creepy insanity paranoia ptsd
66097,claymation creepy dark darkfairytale surreal timburton
68157,blackcomedy bradpitt christophwaltz quentintarantino satire
74458,insanity leonardodicaprio martinscorsese plottwist psychological psychologicalthriller thought-provoking
79132,action alternatereality leonardodicaprio sci-fi thought-provoking visuallyappealing dreamlike surreal visuallyappealing bigbudget clever complicated deadwife greatsoundtrack heist intellectual mindfuck philosophy psychological psychology suspense thought-provoking cerebral dreamlike philosophy thought-provoking
81562,stranded
81591,alterego atmospheric creepy horror obsession surreal
102903,illusions overcomplicated predictable stupidending
104879,absorbing acting atmospheric hughjackman jakegyllenhaal morality mystery thriller
106100,jaredleto socialcommentary uplifting
112515,atmospheric dark metaphorical psychological
112556,annoying stupidending
750,darkcomedy atomicbomb blackcomedy darkcomedy satire purityofessence slimpickens blackcomedy darkcomedy quirky
58559,psychology superhero dark gritty
5952,myth tolkein
98809,action myth
152711,cambodia crime humanrights murder procedural
5,pregnancy remake
7,remake
11,politics president
14,politics president
16,mafia
17,janeausten
21,hollywood
22,serialkiller
25,alcoholism
26,shakespeare
28,innetflixqueue janeausten
29,kidnapping
31,highschool teacher
34,animalmovie pigs villainnonexistentornotneededforgoodstory
36,deathpenalty nun
38,twins
40,innetflixqueue southafrica
41,shakespeare
43,england
45,journalism
46,wedding
52,adoption prostitution
58,writing
62,music
92,jekyllandhyde
96,theater
101,crime off-beatcomedy quirky
107,muppets
111,assassination
116,holocaust
122,dating
140,journalism
150,moon nasa space
160,michaelcrichton
161,submarine
162,innetflixqueue
185,computers
199,mademecry
215,generationx
216,school adamsandler stoplookingatmeswan
222,ireland
224,mentalillness psychology
230,stephenking
232,innetflixqueue
235,moviebusiness
237,basketball france infertility
246,basketball
247,australia
249,beethoven
252,einstein
257,court
261,louisamayalcott
262,england girlpower india
272,england mentalillness
277,christmas
279,innetflixqueue
280,prison
282,disability twins
290,innetflixqueue
300,tv
307,death
308,marriage cynical
316,timetravel
317,christmas
318,prison stephenking wrongfulimprisonment morganfreeman
326,innetflixqueue
329,enterprise
337,mentalillness
338,serialkiller
339,coma
342,australia weddings
345,crossdressing menindrag remade
349,tomclancy
350,johngrisham
351,interracialromance
356,shrimp vietnam bubbagumpshrimp lieutenantdan stupidisasstupiddoes bittersweet emotional heartwarming touching
357,wedding
361,gambling
363,holocaust innetflixqueue
371,journalism
377,bus
380,spies
381,alcoholism
412,edithwharton
421,horses
425,mentalillness oscar(bestactress)
440,president
454,johngrisham
457,basedonatvshow
471,hulahoop
474,assassination
475,ireland
477,biopic
480,dinosaur
488,japan sexuality
497,shakespeare
500,crossdressing divorce menindrag
508,aids
513,radio showbusiness
515,butler housekeeper
516,military
522,australia racism violence
524,football
529,chess
531,innetflixqueue
534,c.s.lewis
535,largecast
538,race
539,empirestatebuilding
543,beatpoetry
551,christmas halloween
556,politics
562,adolescence
586,christmas
587,overrated
588,disney
590,americanindians nativeamericans
592,superhero
593,hanniballector disturbing drama gothic psychology suspense
594,disney
595,disney
596,disney
597,prostitution
616,disney
638,babies
647,gulfwar
648,basedonatvshow
668,india
670,india
671,spoof
673,bugsbunny
708,veterinarian
720,aardman
728,innetflixqueue
733,alcatraz michaelbay terrorism
736,disaster
745,aardman
748,aliens
780,aliens
800,innetflixqueue
805,johngrisham
818,basedonatvshow
830,adultery
832,kidnapping givemebackmyson! itwasmelodramaticandkindofdumb melgibson
838,janeausten
852,golf
858,mafia
892,shakespeare
898,divorce
899,moviebusiness
900,france
902,capote
903,falling alfredhitchcock atmospheric imdbtop250 jamesstewart
904,voyeurism imdbtop250 jamesstewart mystery photographer photography
905,screwball
906,brooch
907,divorce
908,mountrushmore alfredhitchcock imdbtop250
909,adultery
910,menindrag
911,heist
912,startofabeautifulfriendship
913,statue
914,georgebernardshaw
915,richguy-poorgirl
916,italy royalty
918,1900s
919,dorothy toto
920,civilwar
921,television
922,movies eerie moviebusiness
923,rosebud
924,hal space aliens apes arthurc.clarke artificialintelligence atmospheric cinematography classic computer confusingending cultfilm dull future futuristic imdbtop250 masterpiece meditative music mystery oscar(besteffects-visualeffects) overrated philosophical relaxing revolutionary robots sci-fi setting:space/spaceship slow slowpaced soundtrack space spacetravel spacecraft stanleykubrick superbsoundtrack surreal technology tedious visual visuallyappealing
926,hollywood
927,divorce
928,mrs.dewinter
929,europe journalism war
930,assassination
931,amnesia
934,wedding
936,coldwar russia
938,prostitution
940,swashbuckler
941,swashbuckler
943,ghosts
944,shangri-la
945,astaireandrogers
947,butler homeless screwball
948,oil
950,nickandnoracharles
951,screwball
952,race
953,christmas
954,politics
955,leopard screwball
956,adoption
965,fugitive
968,zombies
969,missionary
970,crime
971,tennesseewilliams
973,journalism
976,hemingway
986,animalmovie
991,ireland
994,food
1006,deathpenalty johngrisham
1010,disney race
1013,twins
1022,disney
1025,disney kingarthur
1028,disney nanny
1029,disney
1030,disney
1032,disney
1033,disney
1035,rogersandhammerstein
1041,innetflixqueue
1042,music
1066,astaireandrogers
1068,anti-semitism
1076,governess
1079,fish
1080,bible parody religion
1081,crossdressing
1082,politics
1084,1920s gangsters
1088,dance music
1090,vietnam
1093,1960s jimmorrison music
1096,holocaust
1097,aliens
1103,1950s adolescence
1104,tennesseewilliams
1124,aging
1125,clousseau
1135,military
1147,boxing innetflixqueue
1148,aardman
1171,politics
1177,italy
1178,court military
1179,crime
1183,adultery
1185,innetflixqueue
1187,disability
1188,australia dance
1189,innetflixqueue police
1196,iamyourfather space spaceopera classic georgelucas harrisonford music originalplot sci-fi sequel
1197,inigomontoya six-fingeredman
1201,spaghettiwestern
1203,court claustrophobic confrontational earnest gooddialogue greatscreenplay gritty motivational thought-provoking
1204,middleeast
1206,brainwashing
1207,harperlee racism
1208,vietnam
1209,spaghettiwestern
1210,darthvader lukeskywalker spaceopera
1212,ferriswheel venice zither
1213,mafia
1214,aliens
1217,samurai
1220,saturdaynightlive
1222,vietnam anti-war
1223,moon
1224,shakespeare
1225,mozart salieri
1228,boxing
1230,newyork
1231,nasa space
1233,submarine
1234,theentertainer
1235,may-decemberromance
1237,chess death atmospheric cerebral existentialism philosophical reflective
1242,civilwar
1243,shakespearesortof
1244,blackandwhite
1245,mafia
1247,simonandgarfunkel
1249,hitmen
1250,pow
1252,incest
1253,aliens
1254,cold
1257,skiing
1259,stephenking
1260,serialkiller atmospheric chilly creepy menacing mentalillness oninous
1262,pow
1263,vietnam
1266,revenge
1267,assassination brainwashing
1269,murder
1270,timetravel
1272,worldwarii
1276,prison
1277,innetflixqueue
1278,spoof
1280,innetflixqueue
1281,nazis
1282,disney
1283,gunfight
1284,hammett
1285,highschool
1291,archaeology holygrail
1292,television
1293,india
1296,e.m.forster
1299,cambodia vietnam
1301,shakespearesortof space
1302,baseball
1303,india
1304,crime
1307,newyork
1333,birds
1344,lawyer
1345,highschool prom stephenking
1348,vampires
1350,demons
1353,personalsads
1354,religion
1356,borg
1358,ex-con
1361,innetflixqueue
1363,religion
1366,arthurmiller
1367,dogs remake
1372,klingons
1374,captainkirk
1376,whales
1377,superhero
1380,highschool
1381,highschool
1387,shark
1389,shark
1393,sports
1394,coenbrothers
1396,spying
1398,hemingway
1407,slasher spoof
1408,hawkeye jamesfennimorecooper
1411,shakespeare
1413,conan
1416,andrewlloydweber
1423,innetflixqueue vietnam
1441,mentalillness notseen
1446,innetflixqueue
1449,mockumentary
1466,mafia
1474,jungle
1485,lawyer
1496,tolstoy
1500,hitmen reunion
1513,reunion
1537,ballroomdance
1542,innetflixqueue
1544,dinosaurs
1545,death
1573,transplants
1580,aliens
1586,military
1608,president
1610,tomclancy
1617,police
1635,1970s
1643,england queenvictoria
1645,lawyers
1650,henryjames
1653,future intelligent thought-provoking
1663,military
1672,innetflixqueue
1674,amish
1680,alternateuniverse
1682,tv
1683,henryjames
1711,savannah
1717,sequel slasher spoof
1719,canada death
1721,shipwreck romance
1732,coenbrothers blackcomedy bowling classic coenbrothers comedy crime cultclassic cultfilm darkcomedy deadpan drugs funny greatdialogue greatsoundtrack highlyquotable imdbtop250 jeffbridges johngoodman juliannemoore kidnapping marijuana nudity(fullfrontal) off-beatcomedy philipseymourhoffman quirky ransom rug sarcasm satirical stevebuscemi violence
1735,charlesdickens
1748,amnesia
1777,1980s
1797,innetflixqueue
1810,politics
1834,twistending
1836,nodvdatnetflix
1893,innetflixqueue
1900,innetflixqueue
1902,generationx
1909,conspiracy
1912,heist
1913,australia
1917,space
1931,ships
1938,alcoholism
1940,anti-semitism judaism
1942,hueylong innetflixqueue robertpennwarren
1945,boxing couldabeenacontender
1947,gangs
1950,racism
1951,dickens
1952,prostitution
1953,drugs police
1954,boxing sports
1955,divorce
1957,olympics sports
1959,adultery africa
1960,china
1961,autism
1962,rasicm
1975,jason
1976,jason
1977,jason
1978,jason
1979,jason
1983,halloween
1984,halloween
1994,ghosts
1995,ghosts
1996,ghosts
1997,demons
2006,california mexico
2011,timetravel
2019,samurai
2020,adultery
2022,bible katzanzakis
2028,worldwarii
2054,disney
2058,police
2059,twins
2064,generalmotors michigan
2065,innetflixqueue
2066,memory
2070,music
2071,aids innetflixqueue
2076,sexuality suburbia
2078,disney
2080,disney
2085,disney
2097,carnival raybradbury
2100,mermaid
2108,weatherforecaster
2114,s.e.hinton
2115,archaeology
2116,tolkein classic
2118,stephenking
2121,stephenking
2122,stephenking
2139,mice
2145,1980s highschool
2167,vampires
2171,aquarium boston personalsads
2186,murder
2187,theater
2194,capone gangsters
2202,survival
2203,smalltowns
2206,paranoia
2208,train
2243,journalism
2247,mafia
2248,inyoureyes lloyddobbler
2249,mafia
2268,court military
2291,freaks
2295,screwball
2300,broadway
2302,court
2310,adolescence
2312,deathpenalty
2313,freaks
2324,holocaust bittersweet emotional heartwarming poignant sentimental tearjerker tearjerking
2334,terrorism
2335,football
2336,england
2351,innetflixqueue
2355,pixar
2357,southamerica
2360,innetflixqueue
2390,innetflixqueue
2391,heist
2394,bible moses
2396,england
2410,boxing
2411,boxing
2412,boxing
2420,martialarts
2421,martialarts
2422,martialarts
2423,christmas
2424,e-mail remake
2431,doctors bad
2442,innetflixqueue
2463,kidnapping
2467,religion
2470,australia
2471,australia
2491,food
2494,holocaust hungary
2502,stapler workplace
2506,disability
2517,stephenking
2529,twistending
2550,ghosts
2553,evilchildren
2554,evilchildren
2565,siam
2572,shakespearesortof
2581,highschool
2583,southernus
2598,golfing
2600,virtualreality
2612,motherhood
2628,prequel theforce
2640,superhero
2641,superhero
2642,superhero
2648,innetflixqueue
2660,aliens
2664,1950s
2677,innetflixqueue
2692,alternateendings
2693,startrek
2699,spiders
2710,claimstobetrue video
2712,sexuality
2716,ghosts
2717,ghosts
2719,remake
2723,superhero
2726,heist
2728,crucifixion rome slavery
2745,missionary priest
2750,nostalgia radio
2761,robots animation
2787,stephenking
2791,aviation spoof
2797,children
2801,gambling
2803,lawyers
2804,christmas
2827,aliens
2863,beatles
2871,river
2872,england kingarthur
2905,innetflixqueue
2915,prostitution
2918,highschool
2919,academyaward(bestsupportingactress) indonesia journalism
2927,adultery
2935,gambling
2937,screwball
2939,innetflixqueue
2940,nightclub
2941,island
2943,vietnam
2952,gambling
2966,brothers lawnmower
2967,evilchildren
2968,timetravel
2987,liveaction/animation
3000,anime adventure atmospheric fantasyworld studioghibli surreal
3006,tobacco truestory
3007,innetflixqueue
3011,dancemarathon
3028,shakespeare
3030,samurai
3039,class danaykroyd
3040,camp
3044,memory music
3060,innetflixqueue
3071,highschool
3072,newyork
3077,innetflixqueue upseries
3081,ichabodcrane
3087,christmas newyork
3095,depression dustbowl
3097,remade
3098,baseball sports
3101,adultery
3108,homeless
3111,racism
3115,menindrag
3125,grahamgreene
3135,fatherhood
3147,stephenking
3152,black-and-white
3160,l.a.
3174,andykaufman
3175,spoof
3178,boxing
3181,shakespeare
3192,innetflixqueue
3210,highschool
3211,adingoatemybaby australia
3247,nuns
3250,innetflixqueue
3258,plasticsurgery
3259,ireland
3260,e.m.forster
3263,basketball
3270,figureskating
3273,slasher spoof
3281,sexuality
3306,bigtop circus
3307,blind
3310,orphans
3317,writing
3330,adolescence sexuality
3338,innetflixqueue
3341,remade
3360,basketball
3384,subway
3385,peacecorp
3386,politics president
3408,scandal truestory
3420,lawyers
3421,college toga
3424,racism greatcinematography
3429,aardman
3435,insurance
3447,pearlsbuck
3451,hepburnandtracy interracialmarriage prejudice racism
3456,innetflixqueue
3461,island
3462,factory
3468,pool
3469,court evolution religion
3475,class
3489,peterpan
3498,innetflixqueue
3502,death
3504,journalism
3507,innetflixqueue
3512,transplants
3515,alternateendings
3526,families
3528,psychiatrist
3536,priest rabbi
3546,showbusiness
3548,1920s
3549,gambling
3552,golf
3559,innetflixqueue
3566,business religion
3608,peeweeherman
3629,mining
3675,christmas
3676,innetflixqueue arthouse atmospheric creepy cryptic dark disturbing dreamlike enigmatic fuckedup gruesome hallucinatory insane paranoid strange surreal weird
3683,coenbrothers
3712,television
3723,shakespeare
3724,vietnam
3730,spying
3735,police
3801,court
3811,court
3816,missingchildren
3844,diabetes
3849,disability
3859,innetflixqueue televangelist
3877,superhero
3910,blindness factory
3932,invisibility
3949,drugabuse depressing psychology
3951,innetflixqueue
3967,ballet
3983,family
3988,dr.seuss
3994,superhero atmospheric comics father-sonrelationship mindfuck unique atmospheric somber
3996,china martialarts
4007,business
4012,stand-upcomedy
4019,writing
4024,edithwharton
4025,pageant
4027,bluegrass
4029,movies
4046,quakers
4077,psychopaths
4105,zombies
4113,tennesseewilliams
4117,innetflixqueue
4138,demons
4160,deathpenalty
4164,homeless newyork
4166,realitytv
4171,eugeneo'neill
4174,innetflixqueue
4184,christmas
4189,bible religion
4190,preacher religion
4191,sexuality
4194,innetflixqueue
4204,virginity
4210,hanniballecter serialkiller
4211,vonbulow
4214,college
4218,innetflixqueue
4221,football
4232,spying
4246,singletons
4259,nabokov
4263,alcoholism
4292,union
4296,death
4306,fairytales
4312,innetflixqueue
4316,figureskating
4326,race rasicm
4333,strangersonatrain
4347,holocaust
4356,innetflixqueue
4359,adultery
4361,menindrag
4380,accident
4396,race
4404,innetflixqueue
4447,lawyers
4448,heist boring
4465,rape
4476,twins
4477,circus
4489,africa immigrants
4495,newyork
4526,aliens
4537,hippies
4545,robots
4546,kidnapping remade
4558,twins
4571,timetravel
4600,doctors
4621,babies
4623,baseball
4638,dinosaurs
4639,hollywood moviebusiness
4641,adolescence
4677,dogs
4678,television
4688,innetflixqueue
4787,prodigies
4801,family
4808,remake
4809,nucleardisaster union
4812,nasa space
4823,wedding
4835,lorettalynn
4857,judaism tradition!
4874,aliens psychiatrist
4881,coenbrothers
4902,ghosts
4920,psychology
4963,heist
4969,innetflixqueue
4970,nightclub singers
4973,whimsical
4979,newyork
4980,timetravel
4998,racism
5008,agathachristie court
5012,crossdressing judaism
5015,race
5034,ghost
5064,dumas revenge remake
5114,moviebusiness
5120,innetflixqueue
5135,india
5139,baseball
5213,religion
5224,innetflixqueue
5238,innetflixqueue
5266,crime
5294,religion
5304,innetflixqueue
5316,worldwarii
5349,superhero
5353,blind
5377,nickhornby
5379,anti-semitism judaism
5398,boxing
5404,books
5445,future
5446,australia
5450,sisterhood women
5451,disability mentalillness
5470,oscarwilde
5475,innetflixqueue
5483,moviebusiness
5498,innetflixqueue
5502,aliens
5505,adultery youngermen
5527,asbyatt books
5528,photography psychopaths
5548,homeless
5577,adolescence
5601,animalmovie
5603,crime heist
5618,anime
5629,bible
5630,hanniballecter
5633,bombs
5644,baseball lougehrig
5669,violenceinamerica
5673,pudding anger awkward bittersweet hallucinatory quirky sad surreal symbolism tense unconventional unique wistful
5682,holocaust
5685,girlpower
5690,mademecry orphans beautiful downbeat grim poignant tearjerker tragedy tragic
5721,innetflixqueue judaism
5747,worldwari
5791,art
5792,dating
5802,teenagers
5812,salutetodouglassirk
5816,magic wizards
5820,musicbusiness
5875,shortfilms
5876,grahamgreene
5878,coma
5899,africa
5954,crime nightclub
5971,anime
5989,crime cheating intelligent leonardodicaprio lies smart tomhanks twists&turns
5991,court jazz murder
5994,dickens
6002,drugs planes widows/widowers
6003,television
6020,class
6027,innetflixqueue
6031,motherhood race
6041,innetflixqueue
6063,doll
6090,ghosts
6101,chile politics southamerica
6104,spoof
6156,england
6159,adolescence
6163,obsession
6170,horses
6178,blind blindness race
6181,civilwar stephencrane
6183,dayandhudson sexuality
6195,books stonesofsummer
6197,mentalillness
6201,england
6216,worldwarii
6218,soccer
6228,innetflixqueue
6232,animalmovie lions
6235,holocaust worldwarii
6238,immigrants
6242,television
6244,innetflixqueue
6245,prostitution
6254,screwball
6268,adolescence
6269,bigbrothers
6273,l.a.
6281,crime
6286,amnesia
6288,gangs
6289,titanic
6291,prostitution depressing melancholy sad
6296,mockumentary
6297,children
6299,birds
6305,raybradbury
6308,lawyers
6327,1970s movies
6331,spellingbee
6333,jeangrey magneto rogue superhero wolverine
6334,teachers
6337,gambling
6339,trains
6341,art
6350,anime
6368,movies
6373,religion classic
6375,innetflixqueue theymightbegiants
6377,disney fish heartwarming
6378,heist
6380,childabuse
6385,girlpower
6390,ninotchkaremake
6407,olympics tokyo
6422,civilwar
6440,moviebusiness
6452,innetflixqueue
6454,nazis
6466,innetflixqueue
6515,fugitive
6516,innetflixqueue
6535,politics
6536,swashbuckler
6539,swashbuckler
6545,dodiesmith
6547,flood
6552,immigration
6565,horses
6579,japan
6591,religion
6592,marriage
6603,othello
6609,bible
6620,cancer
6636,roadtrip
6639,blindness
6650,family multipleroles murder
6660,ballet
6662,clousseau
6667,fbi
6668,innetflixqueue
6669,terminalillness meditative philosophical poignant purposefulness
6708,conmen fatherhood
6710,vertriloquism
6713,innetflixqueue
6724,innetflixqueue
6732,matchmaker
6744,vampire
6753,animalmovie
6768,religion
6770,adultery terminalillness
6773,biking
6776,india
6785,lonesomepolecat
6786,innetflixqueue
6787,journalism watergate deepthroat
6788,pregnancy
6791,food
6807,britishcomedy
6810,domesticviolence
6820,werewolf
6832,amnesia
6849,christmas
6852,blackandwhite capote crime deathpenalty murder
6856,biopic
6863,school
6867,trains
6870,childabuse kidnapping
6874,martialarts revenge
6881,thanksgiving
6890,adolescence violenceinamerica
6909,transplants
6912,ritahayworthcandance!
6918,india
6932,journalism
6936,christmas
6944,remake wedding
6948,musicbusiness rap
6963,amish
6970,hepburnandtracy
6979,coldwar
6981,religion
6984,dickens
6985,saint
6993,family
7013,goodandevil
7018,court scottturow
7023,innetflixqueue
7025,innetflixqueue
7049,astaireandrogers
7050,astaireandrogers
7053,astaireandrogers
7055,astaireandrogers
7059,horses
7061,terminalillness
7062,birds prison
7069,innetflixqueue shakespeare
7070,cattledrive
7071,innetflixqueue
7073,clousseau
7079,disability
7086,georgebernardshaw
7087,e.m.forster
7088,innetflixqueue
7090,martialarts
7091,marxbrothers
7121,hepburnandtracy
7132,marxbrothers opera
7139,immigrants
7141,innetflixqueue
7156,vietnam
7158,realestate
7160,serialkiller
7162,civilwar
7190,charlottebronte
7212,crossdressing menindrag
7217,amnesia
7218,innetflixqueue
7219,truckers
7234,circus
7256,mountainclimbing
7285,adolescence
7301,priest religion
7318,religion
7323,coldwar
7371,grace
7382,adolescence crime forkatie
7438,revenge
7440,holocaust
7479,worldwarii
7493,multiplepersonalities
7572,cancer
7584,hepburnandtracy marriage
7614,rogersandhammerstein
7618,biopic innetflixqueue
7619,blindness deaf
7646,stephenking
7649,spacestation
7700,innetflixqueue
7705,hepburnandtracy sports
7713,sexuality
7714,kingarthur
7728,adultery
7748,innetflixqueue
7766,macbeth
7789,terrorism
7792,innetflixqueue
7831,nickandnoracharles
7832,nickandnoracharles
7833,nickandnoracharles
7834,nickandnoracharles
7835,nickandnoracharles
7924,innetflixqueue
7926,innetflixqueue
7932,amtrak homeless independent newyork sundanceawardwinner train
7934,psychology
7981,police
7983,showbusiness
8011,politics
8014,innetflixqueue
8019,remade
8033,innetflixqueue
8094,innetflixqueue
8153,vangogh
8167,swashbuckler
8183,innetflixqueue
8188,notavailablefromnetflix
8190,innetflixqueue
8191,anneboleyn
8197,innetflixqueue
8207,assassination
8228,heist
8235,clock
8266,prince
8275,innetflixqueue
8337,military
8338,convent religion
8341,dickens
8360,ogres
8366,pregnancy religion
8368,magic wizards
8375,politics
8376,highschool
8379,innetflixqueue
8382,death
8424,divorce
8446,worldwarii
8463,deafness
8464,food mcdonalds
8507,circus
8530,ireland
8580,fairytales innetflixqueue
8607,innetflixqueue
8609,innetflixqueue
8622,politics terrorism
8636,docock
8638,generationx
8645,drugs immigrants
8695,court
8714,coleporter
8754,oscar(bestactress)
8765,innetflixqueue
8784,psychology
8796,rome
8809,australia
8827,standup
8838,innetflixqueue
8874,zombies
8875,alcoholism marriage
8879,agathachristie oscar(bestsupportingactress) train
8880,disability
8914,timetravel
8920,oscar(bestactress)
8938,parenthood psychology
8943,stage
8949,wine
8951,abortion
8958,biopic
8961,disney superhero animation samuell.jackson
8970,peterpan
8979,hearst
8983,martialarts
8998,innetflixqueue
9018,journalism
25753,gold
25825,revenge
25841,showbusiness
25855,innetflixqueue
25865,innetflixqueue
25886,mademecry
25940,mirrors
25952,innetflixqueue
26085,notavailablefromnetflix
26131,innetflixqueue
26151,donkey
26242,innetflixqueue
26662,anime
26776,innetflixqueue
27731,innetflixqueue
27741,innetflixqueue
27790,religion saints
27820,animalmovie camels
27834,fatherhood
27838,revenge
27878,india
27882,surfing
30707,boxing
30749,genocide
30793,roalddahl
30812,biopic howardhughes moviebusiness
30820,childabuse
30822,busniess
30850,shakespeare
31030,motherhood
31437,orphans
31903,marriage
31923,innetflixqueue
32160,innetflixqueue
32371,innetflixqueue
32582,birds parrots
32584,fatherhood
33154,business money scandal
33166,racism
33493,space spaceopera
34271,hiphop
34359,pregnancy
34437,innetflixqueue
34482,innetflixqueue
34528,pregnancy
34542,animalmovie bears
35015,animalmovie innetflixqueue
36517,africa business politics
36527,mathematics
36535,innetflixqueue
37240,innetflixqueue
37733,innetflixqueue
37736,dickens
37741,trumancapote
38038,06oscarnominatedbestmovie-animation aardman
38886,divorce
39234,courtroomdrama innetflixqueue
39292,innetflixqueue journalism mccarthyhearings morrow
40583,innetflixqueue
40629,innetflixqueue
40815,magic wizards
40819,johnnycash
41566,c.s.lewis
41997,innetflixqueue
42002,innetflixqueue
42740,innetflixqueue
1274,animation anime visuallystunning
2393,cameo:whoopigoldberg spaceopera startrek
2694,adamsandler
2706,bestcomedy chrisklein dumb jasonbiggs notfunny pizzabeer seannwilliamscott teen
4454,claymation creativity dystopia freetodownload imagination nodialogue socialcommentary
4725,mentalhospital psychology suspense welldone
5459,crappysequel firstwasmuchbetter sequel
7439,comicbook
8783,atmospheric goodsoundtrack m.nightshyamalan
41569,bigbudget
42422,love
45499,halleberry hughjackman
45730,bad disappointing faerietale fairytale farfetched m.nightshyamalan paulgiamatti
47610,costumedrama edwardnorton magic paulgiamatti
52885,dreamlike
53468,zombies
54503,friendship highschool michaelcera nerds selfdiscovery shenanigans virginity
55167,anime
56174,aloneintheworld apocalypse basedonabook lastmanonearth plotholes postapocalyptic post-apocalyptic religion vampire
56367,michaelcera notablesoundtrack pregnancy teenagepregnancy witty
57669,blackcomedy colinfarrell darkcomedy drugs friendship irreverent ralphfiennes stylized
59141,moviesaboutmovies
60069,lastmanonearth lovestory postapocalyptic socialcommentary
62336,2danimation cultfilm stylish surreal
66934,josswhedon nathanfillion neilpatrickharris parody
67087,andysamberg bromance bromantic comedy jaimepressly jasonsegel masculinity paulrudd
68237,2001-like sci-fi solitude
68358,future lackofdevelopment lackofstory quickcuts sci-fi simonpegg space spacetravel timetravel
68791,artificialintelligence badacting badplot badscript christianbale fightingthesystem franchise newcomposer post-apocalyptic robots sci-fi sequel
68945,recap
69526,badplot michaelbay neededmoreautobots plotholes ridiculous shialabeouf stopusinguselesscharactersforfiller
69757,artistic funny humorous inspiring intelligent quirky romance zooeydeschanel
70286,intelligentsci-fi
72224,badhumor
72998,badscience futuristic graphicdesign jamescameron military poordialogue sci-fi superficialplot unoriginal whiteguilt beautifulscenery graphicdesign music politics romance thought-provoking toolong visuallystunning
79702,geeky michaelcera stylized videogames
82242,malenudity
82461,actionchoreography horridcharacterisation poorplotdevelopment sequel soundtrack
112552,passion psychological suspense jazz music tense inspirational inspiring intense
80834,adventure animation fantasy
60516,enjoyable
8533,memoryloss romance sad
55765,corruption denzelwashington mafia organizedcrime
58295,heist robbery smalltimecriminals
69122,casino comedy funny hotel lasvegas
69481,war
80489,crime fbi romance toomuchloveinterest
80906,business corruption economics investorcorruption politics truth
89745,captainamerica silly superhero superheroteam fun greathumor visuallyappealing
90439,bank bigcorporations business corruption financialcrisis kevinspacey realistic suspense wallstreet
92259,emotional sexuality
95067,interestingscenario
95441,crudehumor
97304,cia politics thrilling
104218,adamsandler
104841,clichecharacters longshots predictable simple slowaction visuallyappealing
105504,hostage ocean suspense suspense tense
85565,comedy
1916,avant-garderomanticcomedy elegiac melancholy quirky wry
2138,atmospheric beautiful
2731,emotional gentle heartwarming lyrical reflective
3134,downbeat poignant
3266,blackcomedy crazy dark darkcomedy darkhumor serialkiller
3671,darkhumor easygoing silly
4144,atmospheric beautiful bittersweet dreamy elegant heartbreaking intimate loneliness longtakes longing melancholic melancholy moody nocturnal romantic unique visuallyappealing visuallystunning
4552,"""artsy"" atmospheric gritty hallucinatory surreal visuallystunning"
6214,dark disturbing
6818,atmospheric bleak disturbing gritty harsh
7024,bleak confrontational disturbing harsh haunting inhumane thought-provoking
8335,heartbreaking
8477,post-apocalyptic
25771,mindfuck surreal surrealism
26717,boring psychedelic symbolic
27773,bizarre claustrophobic depressing disturbing hallucinatory paranoid surreal twisted
30810,heartwarming off-beatcomedy quirky trippy visuallyappealing whimsical
40491,depression
45880,cinematography lyrical
48394,atmospheric bittersweet visuallyappealing
56782,atmospheric cerebral characterstudy gritty intense longshots morality visuallyappealing
57502,abstract dark psychedelic surreal
63062,emotional
71899,bittersweet blackcomedy characterstudy darkcomedy friendship loneliness mentalillness philosophical poignant quirky sad sweet touching
74791,surreal whimsical
80463,gooddialogue loneliness witty
94959,quirky
95558,beautiful emotional poetic
96079,beautifulcinematography beautifullyfilmed cinematography
99764,moving philosopical surreal weird
99917,artistic artsy atmospheric beautiful dreamlike existentialism
104875,quirky
104944,emotional feel-good heartwarming mentalillness touching
106766,atmospheric cinematography depressing funny
107406,fatalistic
108932,cheeky clever colorful feel-good fun imaginative quirky
112421,adorable blackcomedy eccentric introspection mentalillness quirky
112852,funny greatvisuals humorous unlikelyhero
113705,bittersweet
114627,atmospheric bizzare eerie symbolism
116797,inspirational intelligent
117877,philosophical trippy
117887,heartwarming
119145,slick
122882,beautiful cinematography visuallyappealing
122916,awesome humor quirky unconventional whiteguilt
122918,fun
122922,visuallyappealing
127298,depressing understated
134130,smart
134170,funny ridiculous silly
138036,slick stylish
139644,atmospheric tension
140174,moving touching
141890,moving
143367,contemplative philosophical thought-provoking tragic
148626,funny interesting witty
148881,existential surreal
152077,creepy suspense
153070,nightmare
155288,suspense thought-provoking
156605,quirky sweet understated
161634,intense
164179,beautifulvisuals cerebral cinematography goodcinematography smart thought-provoking visuallyappealing
164909,bittersweet visuallyappealing
167746,funny heartwarming
168252,dark emotional gritty heartbreaking predictibleplot
170945,paranoia suspenseful
174055,brilliant inspiring tense
176371,atmospheric beautiful cinematography dark dreamlike existentialism moody philosophical
176419,allegorical uncomfortable unsettling
180031,atmospheric dreamlike
180985,badmusic
248,bad sinbad
413,comedy
540,bad
707,bad
836,seenatthecinema
1779,good
1801,seenmorethanonce
2662,classic
2951,bad
4015,bad
4343,reallybad seannwilliamscott
4446,sci-fi
5254,greatmovie wesleysnipes
6157,bad benaffleck
35836,bestpicture classic hilarious stevecarell
52712,horribleacting interesting
273,gothic
1357,music
1948,british
5694,70mm
6107,worldwarii
7936,austere
3265,gunfu heroicbloodshed
